Date,Name,Year,Letterboxd URI
2022-11-15,Don't Worry Darling,2022,https://boxd.it/mViu
2022-11-15,The Banshees of Inisherin,2022,https://boxd.it/p7XS
2022-11-15,See How They Run,2022,https://boxd.it/sNVq
2022-11-15,Nope,2022,https://boxd.it/sDCe
2022-11-15,Everything Everywhere All at Once,2022,https://boxd.it/jUk4
2022-11-15,Birds of Prey (and the Fantabulous Emancipation of One Harley Quinn),2020,https://boxd.it/hSyO
2022-11-15,Amsterdam,2022,https://boxd.it/oJ58
2022-11-15,Decision to Leave,2022,https://boxd.it/qp9e
2022-11-15,Living,2022,https://boxd.it/syDQ
2022-11-15,The Woman King,2022,https://boxd.it/r9a8
2022-11-15,Moonage Daydream,2022,https://boxd.it/A8Co
2022-11-15,Elvis,2022,https://boxd.it/mK4w
2022-11-15,Three Thousand Years of Longing,2022,https://boxd.it/kmoy
2022-11-15,Crimes of the Future,2022,https://boxd.it/uTuY
2022-11-15,B-Movie: Lust & Sound in West-Berlin 1979-1989,2015,https://boxd.it/ai0W
2022-11-15,Lost Highway,1997,https://boxd.it/29Wc
2022-11-15,The Fire Within: Requiem for Katia and Maurice Krafft,2022,https://boxd.it/AUFg
2022-11-15,Moonlight,2016,https://boxd.it/d6bE
2022-11-15,Bodies Bodies Bodies,2022,https://boxd.it/iRcE
2022-11-16,The Beatles: Get Back,2021,https://boxd.it/xo7A
2022-11-16,Lost in Translation,2003,https://boxd.it/2b0E
2022-11-16,This Much I Know to Be True,2022,https://boxd.it/yVwU
2022-11-16,Eraserhead,1977,https://boxd.it/299u
2022-11-16,Mulholland Drive,2001,https://boxd.it/297o
2022-11-16,"O Brother, Where Art Thou?",2000,https://boxd.it/2b3I
2022-11-16,24 Hour Party People,2002,https://boxd.it/26nI
2022-11-16,This Is England,2006,https://boxd.it/1T44
2022-11-16,Licorice Pizza,2021,https://boxd.it/qTKY
2022-11-16,El Camino: A Breaking Bad Movie,2019,https://boxd.it/kv0q
2022-11-16,"Paris, Texas",1984,https://boxd.it/29Ts
2022-11-16,Alien,1979,https://boxd.it/2awY
2022-11-16,The Irishman,2019,https://boxd.it/dYOq
2022-11-16,Rolling Thunder Revue: A Bob Dylan Story by Martin Scorsese,2019,https://boxd.it/l5DI
2022-11-16,Dune,2021,https://boxd.it/fA7G
2022-11-16,The Meyerowitz Stories (New and Selected),2017,https://boxd.it/dSp0
2022-11-16,Uncut Gems,2019,https://boxd.it/gXGc
2022-11-16,Once Upon a Time… in Hollywood,2019,https://boxd.it/gH0O
2022-11-16,Django Unchained,2012,https://boxd.it/2cCk
2022-11-16,Call Me by Your Name,2017,https://boxd.it/dYmm
2022-11-16,The Godfather,1972,https://boxd.it/2aNK
2022-11-16,Judas and the Black Messiah,2021,https://boxd.it/lsew
2022-11-16,Lucky,2017,https://boxd.it/el3M
2022-11-16,Blade Runner,1982,https://boxd.it/2bcA
2022-11-16,Blade Runner 2049,2017,https://boxd.it/b8wK
2022-11-16,Blue Velvet,1986,https://boxd.it/29BI
2022-11-16,Voyage of Time: The IMAX Experience,2016,https://boxd.it/eJjO
2022-11-16,A Spell to Ward Off the Darkness,2013,https://boxd.it/6jIW
2022-11-16,Harry Dean Stanton: Partly Fiction,2012,https://boxd.it/4fVo
2022-11-16,Trainwreck: Woodstock '99,2022,https://boxd.it/C4jc
2022-11-16,Mad God,2021,https://boxd.it/vVPm
2022-11-16,Il Buco,2021,https://boxd.it/ozry
2022-11-16,David Lynch: The Art Life,2016,https://boxd.it/eASq
2022-11-16,Tenet,2020,https://boxd.it/leq4
2022-11-16,8½,1963,https://boxd.it/2aqm
2022-11-18,Black Panther: Wakanda Forever,2022,https://boxd.it/igPu
2022-11-19,Last Night in Soho,2021,https://boxd.it/lbJC
2022-11-20,Her,2013,https://boxd.it/4O24
2022-11-20,Jojo Rabbit,2019,https://boxd.it/iEBG
2022-11-20,Eternal Sunshine of the Spotless Mind,2004,https://boxd.it/6YK
2022-11-20,Arrival,2016,https://boxd.it/aNGk
2022-11-20,Scott Pilgrim vs. the World,2010,https://boxd.it/1Aq6
2022-11-20,The Menu,2022,https://boxd.it/lScm
2022-11-25,Aftersun,2022,https://boxd.it/Arw0
2022-11-26,Roald Dahl's Matilda the Musical,2022,https://boxd.it/oToE
2022-11-29,She Said,2022,https://boxd.it/vBaI
2022-12-01,Idiot Prayer: Nick Cave Alone at Alexandra Palace,2020,https://boxd.it/reRG
2022-12-04,Bill & Ted Face the Music,2020,https://boxd.it/i7BI
2022-12-11,The Nightmare Before Christmas,1993,https://boxd.it/1YzQ
2022-12-16,Strange World,2022,https://boxd.it/x6Li
2022-12-17,Avatar: The Way of Water,2022,https://boxd.it/2E2E
2022-12-20,Anima,2019,https://boxd.it/mxuc
2023-01-03,I Wanna Dance with Somebody,2022,https://boxd.it/q0Dy
2023-01-04,Knives Out,2019,https://boxd.it/jWEA
2023-01-05,Glass Onion,2022,https://boxd.it/oCkK
2023-01-08,"Techno, Mama",2021,https://boxd.it/wgoc
2023-01-09,A Man Called Otto,2022,https://boxd.it/zl06
2023-01-11,Empire of Light,2022,https://boxd.it/uGpm
2023-01-13,Paris Is Burning,1990,https://boxd.it/1jzg
2023-01-14,My Dinner with Andre,1981,https://boxd.it/1vLe
2023-01-16,TÁR,2022,https://boxd.it/uNIA
2023-01-18,Blood Brothers: Malcolm X & Muhammad Ali,2021,https://boxd.it/wyjk
2023-01-18,Moulin Rouge!,2001,https://boxd.it/29wI
2023-01-18,Akira,1988,https://boxd.it/2b1i
2023-01-18,Juno,2007,https://boxd.it/210a
2023-01-18,Wonder Woman,2017,https://boxd.it/9roG
2023-01-18,Philomena,2013,https://boxd.it/69OA
2023-01-18,GoodFellas,1990,https://boxd.it/29FA
2023-01-18,Scarface,1983,https://boxd.it/2b7g
2023-01-18,Money Trap,2019,https://boxd.it/lfkw
2023-01-18,Quincy,2018,https://boxd.it/iexI
2023-01-18,On the Rocks,2020,https://boxd.it/l8aY
2023-01-18,The Andy Warhol Diaries,2022,https://boxd.it/zGrC
2023-01-18,"Hail, Caesar!",2016,https://boxd.it/881G
2023-01-18,The Magnificent Ambersons,1942,https://boxd.it/29bK
2023-01-18,Citizen Kane,1941,https://boxd.it/71O
2023-01-18,Mank,2020,https://boxd.it/mIuC
2023-01-18,The Hermit of Treig,2021,https://boxd.it/xS1s
2023-01-18,Munich: The Edge of War,2021,https://boxd.it/sy84
2023-01-18,Argo,2012,https://boxd.it/2czU
2023-01-18,MR James: Ghost Writer,2013,https://boxd.it/97em
2023-01-18,A Ghost Story for Christmas: The Mezzotint,2021,https://boxd.it/x4JY
2023-01-18,Biggie: I Got a Story to Tell,2021,https://boxd.it/tZR8
2023-01-18,Ma Rainey's Black Bottom,2020,https://boxd.it/mLcm
2023-01-18,The Trader,2018,https://boxd.it/hCSI
2023-01-18,Belfast,2021,https://boxd.it/tefG
2023-01-18,Struggle: The Life and Lost Art of Szukalski,2018,https://boxd.it/kIiW
2023-01-18,House of Gucci,2021,https://boxd.it/nVkC
2023-01-18,Annie Hall,1977,https://boxd.it/29M2
2023-01-18,Manhattan,1979,https://boxd.it/29Na
2023-01-18,Manhattan Murder Mystery,1993,https://boxd.it/1Wg8
2023-01-18,Black Holes: The Edge of All We Know,2020,https://boxd.it/pBoI
2023-01-18,Fantastic Fungi,2019,https://boxd.it/mDS0
2023-01-18,Fractals: The Colors Of Infinity,1995,https://boxd.it/Syg
2023-01-18,Joker,2019,https://boxd.it/h4cS
2023-01-18,2001: A Space Odyssey,1968,https://boxd.it/2bf0
2023-01-18,Dr. Strangelove or: How I Learned to Stop Worrying and Love the Bomb,1964,https://boxd.it/29eY
2023-01-18,"Crouching Tiger, Hidden Dragon",2000,https://boxd.it/2b1M
2023-01-18,Solaris,1972,https://boxd.it/2a2Y
2023-01-18,Paprika,2006,https://boxd.it/23wW
2023-01-18,Tokyo Godfathers,2003,https://boxd.it/1Qg2
2023-01-18,Ordet,1943,https://boxd.it/7OHM
2023-01-18,Kong: Skull Island,2017,https://boxd.it/9ewM
2023-01-18,The Platform,2019,https://boxd.it/mUm6
2023-01-18,The Green Knight,2021,https://boxd.it/kuy2
2023-01-18,Shoplifters,2018,https://boxd.it/ifY6
2023-01-18,The French Dispatch,2021,https://boxd.it/jLP8
2023-01-18,The Grand Budapest Hotel,2014,https://boxd.it/3ZqO
2023-01-18,Fantastic Mr. Fox,2009,https://boxd.it/1WyQ
2023-01-18,Moonrise Kingdom,2012,https://boxd.it/2Wng
2023-01-18,No Time to Die,2021,https://boxd.it/cPX2
2023-01-18,Alan Partridge: Alpha Papa,2013,https://boxd.it/5rFE
2023-01-18,Twin Peaks: Fire Walk with Me,1992,https://boxd.it/27Qw
2023-01-18,Twin Peaks: The Return,2017,https://boxd.it/hN9O
2023-01-18,WHAT DID JACK DO?,2017,https://boxd.it/jcWe
2023-01-18,Prevenge,2016,https://boxd.it/dRpS
2023-01-18,Hot Fuzz,2007,https://boxd.it/2416
2023-01-18,The World's End,2013,https://boxd.it/3EiO
2023-01-18,Sightseers,2012,https://boxd.it/3V4Y
2023-01-18,Sticks & Balls,2007,https://boxd.it/gtQw
2023-01-18,Shaun of the Dead,2004,https://boxd.it/29J8
2023-01-18,Star Trek,2009,https://boxd.it/1Q6c
2023-01-18,Star Trek Beyond,2016,https://boxd.it/5Ik4
2023-01-18,Star Trek Into Darkness,2013,https://boxd.it/uYE
2023-01-18,The Cloverfield Paradox,2018,https://boxd.it/doVA
2023-01-18,Cloverfield,2008,https://boxd.it/2192
2023-01-18,10 Cloverfield Lane,2016,https://boxd.it/aZiu
2023-01-18,Troll Hunter,2010,https://boxd.it/NQY
2023-01-18,Spencer,2021,https://boxd.it/qPMG
2023-01-18,Death on the Nile,2022,https://boxd.it/ifpg
2023-01-18,Raiders of the Lost Ark,1981,https://boxd.it/2bbs
2023-01-18,Indiana Jones and the Last Crusade,1989,https://boxd.it/2baO
2023-01-18,Indiana Jones and the Temple of Doom,1984,https://boxd.it/2bb8
2023-01-18,Godzilla,2014,https://boxd.it/47OE
2023-01-18,Carol,2015,https://boxd.it/7DPK
2023-01-18,The Lighthouse,2019,https://boxd.it/icFU
2023-01-18,Mindhorn,2016,https://boxd.it/dhgK
2023-01-18,The Personal History of David Copperfield,2019,https://boxd.it/iTAS
2023-01-18,Whiplash,2014,https://boxd.it/7bQA
2023-01-18,L.A. Confidential,1997,https://boxd.it/27oC
2023-01-18,Liza with a Z,1972,https://boxd.it/38cO
2023-01-18,Mad Max,1979,https://boxd.it/1Y7i
2023-01-18,Mad Max: Fury Road,2015,https://boxd.it/2DjO
2023-01-18,Mad Max 2,1981,https://boxd.it/1ZPg
2023-01-18,Mad Max Beyond Thunderdome,1985,https://boxd.it/1YTm
2023-01-18,Vice,2018,https://boxd.it/fcFY
2023-01-18,Hellboy,2004,https://boxd.it/28HK
2023-01-18,Hellboy II: The Golden Army,2008,https://boxd.it/1Ug6
2023-01-18,The Shape of Water,2017,https://boxd.it/dZ5m
2023-01-18,Pan's Labyrinth,2006,https://boxd.it/28No
2023-01-18,Pacific Rim,2013,https://boxd.it/2cB2
2023-01-18,Spirited Away,2001,https://boxd.it/2b4m
2023-01-18,Howl's Moving Castle,2004,https://boxd.it/23De
2023-01-18,My Neighbor Totoro,1988,https://boxd.it/20eA
2023-01-18,Princess Mononoke,1997,https://boxd.it/2b4w
2023-01-18,Kiki's Delivery Service,1989,https://boxd.it/1JAY
2023-01-18,Castle in the Sky,1986,https://boxd.it/1W4G
2023-01-18,The Wind Rises,2013,https://boxd.it/4JQS
2023-01-18,Nausicaä of the Valley of the Wind,1984,https://boxd.it/2bc6
2023-01-18,Porco Rosso,1992,https://boxd.it/1Tp2
2023-01-18,From Up on Poppy Hill,2011,https://boxd.it/2VCa
2023-01-18,The Secret World of Arrietty,2010,https://boxd.it/AF4
2023-01-18,Tales from Earthsea,2006,https://boxd.it/17ae
2023-01-18,The Tale of the Princess Kaguya,2013,https://boxd.it/4JQI
2023-01-18,Pulp Fiction,1994,https://boxd.it/29Pq
2023-01-18,Inglourious Basterds,2009,https://boxd.it/1JzG
2023-01-18,Kill Bill: Vol. 1,2003,https://boxd.it/70w
2023-01-18,Reservoir Dogs,1992,https://boxd.it/2agc
2023-01-18,Kill Bill: Vol. 2,2004,https://boxd.it/2au4
2023-01-18,The Hateful Eight,2015,https://boxd.it/8gw8
2023-01-18,Million Dollar Baby,2004,https://boxd.it/2bdI
2023-01-18,"The Good, the Bad and the Ugly",1966,https://boxd.it/2ape
2023-01-18,Butch Cassidy and the Sundance Kid,1969,https://boxd.it/29Vy
2023-01-18,Labyrinth,1986,https://boxd.it/1POC
2023-01-18,Monty Python and the Holy Grail,1975,https://boxd.it/29GI
2023-01-18,Life of Brian,1979,https://boxd.it/2a4q
2023-01-18,Brazil,1985,https://boxd.it/2be2
2023-01-18,Monty Python's The Meaning of Life,1983,https://boxd.it/249E
2023-01-18,Jabberwocky,1977,https://boxd.it/1SYK
2023-01-18,Monty Python: Almost the Truth (The Lawyer's Cut),2009,https://boxd.it/4rIm
2023-01-18,Monty Python Live (Mostly),2014,https://boxd.it/8HWW
2023-01-18,Time Bandits,1981,https://boxd.it/19KI
2023-01-18,The Fisher King,1991,https://boxd.it/2aWM
2023-01-18,Blue Is the Warmest Color,2013,https://boxd.it/4O40
2023-01-18,The Dig,2021,https://boxd.it/jo2i
2023-01-18,My Octopus Teacher,2020,https://boxd.it/prk2
2023-01-18,Miles Davis: Birth of the Cool,2019,https://boxd.it/kLfm
2023-01-18,Bohemian Rhapsody,2018,https://boxd.it/f1TK
2023-01-18,The Death of Stalin,2017,https://boxd.it/ea9Y
2023-01-18,In the Loop,2009,https://boxd.it/1EsA
2023-01-18,The Dark Knight,2008,https://boxd.it/2b0k
2023-01-18,The Batman,2022,https://boxd.it/eDGs
2023-01-18,Batman Begins,2005,https://boxd.it/2aIg
2023-01-18,Batman,1989,https://boxd.it/2aIU
2023-01-18,The Dark Knight Rises,2012,https://boxd.it/H3m
2023-01-18,Batman Returns,1992,https://boxd.it/2awa
2023-01-18,Captain America: The First Avenger,2011,https://boxd.it/28b0
2023-01-18,Iron Man,2008,https://boxd.it/28dA
2023-01-18,Iron Man 2,2010,https://boxd.it/1WZM
2023-01-18,Thor,2011,https://boxd.it/1WQU
2023-01-18,The Avengers,2012,https://boxd.it/1xFW
2023-01-18,Iron Man 3,2013,https://boxd.it/2cBQ
2023-01-18,Thor: The Dark World,2013,https://boxd.it/2DqA
2023-01-18,Captain America: The Winter Soldier,2014,https://boxd.it/3r58
2023-01-18,Guardians of the Galaxy,2014,https://boxd.it/3VH2
2023-01-18,Guardians of the Galaxy Vol. 2,2017,https://boxd.it/8MxC
2023-01-18,Avengers: Age of Ultron,2015,https://boxd.it/3qi6
2023-01-18,Ant-Man,2015,https://boxd.it/3vmW
2023-01-18,Captain America: Civil War,2016,https://boxd.it/89Ja
2023-01-18,Ant-Man and the Wasp,2018,https://boxd.it/cqUW
2023-01-18,Avengers: Infinity War,2018,https://boxd.it/9vEe
2023-01-18,Avengers: Endgame,2019,https://boxd.it/9vE4
2023-01-18,Jackass Forever,2022,https://boxd.it/opUg
2023-01-18,Jackass 3D,2010,https://boxd.it/1KpM
2023-01-18,Nostalgia for the Light,2010,https://boxd.it/2nGM
2023-01-18,The Last Duel,2021,https://boxd.it/mQbe
2023-01-18,Wayne's World,1992,https://boxd.it/1ZHG
2023-01-18,Submarine,2010,https://boxd.it/H4a
2023-01-18,Swiss Army Man,2016,https://boxd.it/bDG2
2023-01-18,Oldboy,2003,https://boxd.it/29R2
2023-01-18,The Ballad of Buster Scruggs,2018,https://boxd.it/jB2q
2023-01-18,"I, Daniel Blake",2016,https://boxd.it/d0xa
2023-01-18,Indiana Jones and the Kingdom of the Crystal Skull,2008,https://boxd.it/2aR8
2023-01-18,The Hobbit: An Unexpected Journey,2012,https://boxd.it/GZk
2023-01-18,The Hobbit: The Desolation of Smaug,2013,https://boxd.it/nmS
2023-01-18,Okja,2017,https://boxd.it/dvXe
2023-01-18,mother!,2017,https://boxd.it/dgRU
2023-01-18,Nosferatu,1922,https://boxd.it/29TM
2023-01-18,Us,2019,https://boxd.it/gnV6
2023-01-19,A Very Long Engagement,2004,https://boxd.it/26dy
2023-01-20,The Fifth Element,1997,https://boxd.it/71k
2023-01-20,Twelve Monkeys,1995,https://boxd.it/2beQ
2023-01-20,Inception,2010,https://boxd.it/1skk
2023-01-20,Interstellar,2014,https://boxd.it/4VZ8
2023-01-20,The Incredibles,2004,https://boxd.it/1XLm
2023-01-20,A Bug's Life,1998,https://boxd.it/1Yyy
2023-01-20,Pirates of the Caribbean: Dead Man's Chest,2006,https://boxd.it/2bfk
2023-01-20,Finding Nemo,2003,https://boxd.it/72i
2023-01-20,WALL·E,2008,https://boxd.it/1VEo
2023-01-20,Toy Story,1995,https://boxd.it/29qA
2023-01-20,Pirates of the Caribbean: At World's End,2007,https://boxd.it/2aGu
2023-01-20,Wreck-It Ralph,2012,https://boxd.it/2TTS
2023-01-20,"Monsters, Inc.",2001,https://boxd.it/2a46
2023-01-20,Inside Out,2015,https://boxd.it/4KHC
2023-01-20,Bedknobs and Broomsticks,1971,https://boxd.it/1S4W
2023-01-20,The Aristocats,1970,https://boxd.it/1X3Y
2023-01-20,Ratatouille,2007,https://boxd.it/27ww
2023-01-20,Pirates of the Caribbean: The Curse of the Black Pearl,2003,https://boxd.it/70G
2023-01-20,Finding Dory,2016,https://boxd.it/4aAA
2023-01-20,Up,2009,https://boxd.it/1OEc
2023-01-20,The Jungle Book,1967,https://boxd.it/1YY2
2023-01-20,Mary Poppins,1964,https://boxd.it/2aoA
2023-01-20,Pinocchio,1940,https://boxd.it/1V8C
2023-01-20,Toy Story 3,2010,https://boxd.it/1WRe
2023-01-20,Toy Story 2,1999,https://boxd.it/29qq
2023-01-20,Monsters University,2013,https://boxd.it/bQm
2023-01-20,Cars,2006,https://boxd.it/29ho
2023-01-20,Cars 2,2011,https://boxd.it/H4Y
2023-01-20,Brave,2012,https://boxd.it/bVG
2023-01-20,Pom Poko,1994,https://boxd.it/1Mvi
2023-01-20,Aliens,1986,https://boxd.it/29PA
2023-01-20,Alien³,1992,https://boxd.it/20zS
2023-01-20,Alien: Covenant,2017,https://boxd.it/49UY
2023-01-20,Prometheus,2012,https://boxd.it/2s9e
2023-01-20,Alien Resurrection,1997,https://boxd.it/20zI
2023-01-20,Chicken Run,2000,https://boxd.it/20Xg
2023-01-20,Shrek,2001,https://boxd.it/29zi
2023-01-20,Shrek 2,2004,https://boxd.it/29z8
2023-01-20,Madagascar,2005,https://boxd.it/29dc
2023-01-20,Wallace & Gromit: The Curse of the Were-Rabbit,2005,https://boxd.it/2ac0
2023-01-20,Flushed Away,2006,https://boxd.it/1Tpm
2023-01-20,Shrek the Third,2007,https://boxd.it/29yY
2023-01-20,Kung Fu Panda,2008,https://boxd.it/1Yws
2023-01-20,How to Train Your Dragon,2010,https://boxd.it/1WRy
2023-01-20,Penguins of Madagascar,2014,https://boxd.it/89tc
2023-01-20,How to Train Your Dragon 2,2014,https://boxd.it/2TRW
2023-01-20,Early Man,2018,https://boxd.it/dwyu
2023-01-20,The Pirates! In an Adventure with Scientists!,2012,https://boxd.it/2p1w
2023-01-20,A Grand Day Out,1989,https://boxd.it/2acu
2023-01-20,The Wrong Trousers,1993,https://boxd.it/2ack
2023-01-20,A Close Shave,1995,https://boxd.it/2aca
2023-01-20,A Matter of Loaf and Death,2008,https://boxd.it/1O4S
2023-01-20,Creature Comforts,1989,https://boxd.it/tke
2023-01-22,Babylon,2022,https://boxd.it/mM02
2023-01-23,The Seventh Seal,1957,https://boxd.it/2ahO
2023-01-29,The Deer Hunter,1978,https://boxd.it/1T6O
2023-01-29,X-Men,2000,https://boxd.it/1a7s
2023-01-29,X-Men: Days of Future Past,2014,https://boxd.it/4aRw
2023-01-29,X-Men: First Class,2011,https://boxd.it/FOA
2023-01-29,X-Men: Apocalypse,2016,https://boxd.it/7eJi
2023-01-29,The Wolverine,2013,https://boxd.it/2CWU
2023-01-29,X-Men: The Last Stand,2006,https://boxd.it/1a5Q
2023-01-29,Spider-Man,2002,https://boxd.it/2a8i
2023-01-29,Spider-Man 2,2004,https://boxd.it/2a88
2023-01-29,Spider-Man 3,2007,https://boxd.it/2a7Y
2023-01-29,Spider-Man: Into the Spider-Verse,2018,https://boxd.it/azpY
2023-01-29,The Amazing Spider-Man,2012,https://boxd.it/27PI
2023-01-29,The Amazing Spider-Man 2,2014,https://boxd.it/3utM
2023-01-29,La La Land,2016,https://boxd.it/a5fa
2023-01-29,Cowboy Bebop,1998,https://boxd.it/ptES
2023-02-03,The Fabelmans,2022,https://boxd.it/ugoM
2023-02-03,Taxi Driver,1976,https://boxd.it/2b8y
2023-02-04,The Making of Tokyo Godfathers,2003,https://boxd.it/zfaY
2023-02-04,Men,2022,https://boxd.it/tlc0
2023-02-04,Ex Machina,2015,https://boxd.it/7T2k
2023-02-04,Annihilation,2018,https://boxd.it/9yzm
2023-02-05,Puss in Boots: The Last Wish,2022,https://boxd.it/aaie
2023-02-06,The Whale,2022,https://boxd.it/tw4c
2023-02-14,Life Is Beautiful,1997,https://boxd.it/29Wm
2023-02-14,My Life as a Zucchini,2016,https://boxd.it/dL2y
2023-02-14,Guillermo del Toro's Pinocchio,2022,https://boxd.it/kjMW
2023-02-16,Parasite,2019,https://boxd.it/hTha
2023-02-16,What We Do in the Shadows,2014,https://boxd.it/7eQy
2023-02-17,Dredd,2012,https://boxd.it/GZE
2023-02-21,Women Talking,2022,https://boxd.it/tdq4
2023-02-24,Birdman,2015,https://boxd.it/frqO
2023-02-24,God Help the Girl,2014,https://boxd.it/7dCq
2023-02-24,The Silence of the Lambs,1991,https://boxd.it/2aHW
2023-03-03,Jumanji: Welcome to the Jungle,2017,https://boxd.it/bUeE
2023-03-03,Jumanji,1995,https://boxd.it/1ZLI
2023-03-03,Zathura: A Space Adventure,2005,https://boxd.it/21mq
2023-03-03,The Hunger Games,2012,https://boxd.it/2uds
2023-03-03,The Hunger Games: Catching Fire,2013,https://boxd.it/3sAw
2023-03-03,The Hunger Games: Mockingjay – Part 1,2014,https://boxd.it/4hka
2023-03-03,The Hunger Games: Mockingjay – Part 2,2015,https://boxd.it/4hk0
2023-03-03,Journey to the Center of the Earth,2008,https://boxd.it/38EI
2023-03-05,Close,2022,https://boxd.it/y4qa
2023-03-05,For Sama,2019,https://boxd.it/l9wQ
2023-03-05,Broker,2022,https://boxd.it/rDUU
2023-03-05,Calvary,2014,https://boxd.it/4WE6
2023-03-05,Harry Potter and the Half-Blood Prince,2009,https://boxd.it/29FU
2023-03-05,Harry Potter and the Prisoner of Azkaban,2004,https://boxd.it/29Qy
2023-03-05,Harry Potter and the Deathly Hallows: Part 1,2010,https://boxd.it/1RYu
2023-03-05,Harry Potter and the Order of the Phoenix,2007,https://boxd.it/29Qe
2023-03-05,Harry Potter and the Deathly Hallows: Part 2,2011,https://boxd.it/1RYk
2023-03-05,Harry Potter and the Philosopher's Stone,2001,https://boxd.it/29QS
2023-03-05,Harry Potter and the Goblet of Fire,2005,https://boxd.it/29Qo
2023-03-05,Harry Potter and the Chamber of Secrets,2002,https://boxd.it/29QI
2023-03-06,Avatar,2009,https://boxd.it/1Efm
2023-03-06,The Mummy,1999,https://boxd.it/2a7a
2023-03-06,The Mummy Returns,2001,https://boxd.it/28cs
2023-03-06,The Mummy: Tomb of the Dragon Emperor,2008,https://boxd.it/28ci
2023-03-12,Fantastic Planet,1973,https://boxd.it/1KnQ
2023-03-27,The Man Who Killed Don Quixote,2018,https://boxd.it/9rkY
2023-03-29,Suspiria,1977,https://boxd.it/1SNW
2023-04-02,Breathless,1960,https://boxd.it/2aIK
2023-04-02,Good Will Hunting,1997,https://boxd.it/2ahY
2023-04-03,The Cabinet of Dr. Caligari,1920,https://boxd.it/2aOo
2023-04-03,Train to Busan,2016,https://boxd.it/dSQU
2023-04-04,Volver,2006,https://boxd.it/2aQO
2023-04-09,Air,2023,https://boxd.it/Arlc
2023-04-09,Rye Lane,2023,https://boxd.it/DIyy
2023-04-10,The Super Mario Bros. Movie,2023,https://boxd.it/i8C8
2023-04-13,Ponyo,2008,https://boxd.it/1S0A
2023-04-14,Dungeons & Dragons: Honor Among Thieves,2023,https://boxd.it/hN1A
2023-04-18,November,2017,https://boxd.it/fxu8
2023-04-21,Renfield,2023,https://boxd.it/o8vy
2023-04-21,One Fine Morning,2022,https://boxd.it/s4Ta
2023-04-25,Suzume,2022,https://boxd.it/yv7Y
2023-04-25,The Invention of Lying,2009,https://boxd.it/1zGs
2023-04-25,David Brent: Life on the Road,2016,https://boxd.it/bitQ
2023-04-25,Stephen Merchant: Hello Ladies... Live!,2011,https://boxd.it/2J5e
2023-04-25,Tooth Fairy,2010,https://boxd.it/1zKE
2023-04-25,The Martian,2015,https://boxd.it/8SeG
2023-04-25,The Suicide Squad,2021,https://boxd.it/fw6O
2023-04-25,The Wolf of Wall Street,2013,https://boxd.it/3C1m
2023-04-26,The Straight Story,1999,https://boxd.it/2ass
2023-04-28,Misery,1990,https://boxd.it/28gY
2023-05-02,Oh! What a Lovely War,1969,https://boxd.it/1C5a
2023-05-06,Stan & Ollie,2018,https://boxd.it/dOda
2023-05-11,Guardians of the Galaxy Vol. 3,2023,https://boxd.it/fVNI
2023-05-15,Gods and Monsters,1998,https://boxd.it/25Ty
2023-05-23,Son of Saul,2015,https://boxd.it/b6r4
2023-05-25,Wild at Heart,1990,https://boxd.it/2aii
2023-06-01,Beau Is Afraid,2023,https://boxd.it/u2gE
2023-06-11,Spider-Man: Across the Spider-Verse,2023,https://boxd.it/kSz4
2023-06-16,The Perks of Being a Wallflower,2012,https://boxd.it/2ZA8
2023-06-16,The Flash,2023,https://boxd.it/9twC
2023-06-19,Café Society,2016,https://boxd.it/bhEy
2023-06-24,Asteroid City,2023,https://boxd.it/s3ds
2023-06-30,Indiana Jones and the Dial of Destiny,2023,https://boxd.it/b8vM
2023-07-02,Kung Fu Hustle,2004,https://boxd.it/1YBi
2023-07-02,Shaolin Soccer,2001,https://boxd.it/1T86
2023-07-03,The Metamorphosis of Birds,2020,https://boxd.it/oJsw
2023-07-09,The Assassination Bureau,1969,https://boxd.it/2i0w
2023-07-09,Anchorman 2: The Legend Continues,2013,https://boxd.it/3GNk
2023-07-11,Mission: Impossible – Dead Reckoning Part One,2023,https://boxd.it/l7zS
2023-07-14,The Twelve Tasks of Asterix,1976,https://boxd.it/1YOG
2023-07-22,Oppenheimer,2023,https://boxd.it/wUow
2023-07-22,Barbie,2023,https://boxd.it/bCLK
2023-08-06,Teenage Mutant Ninja Turtles: Mutant Mayhem,2023,https://boxd.it/mK0a
2023-08-11,Daughter of the Crater,2019,https://boxd.it/noNc
2023-08-11,A New Old Play,2021,https://boxd.it/iAgE
2023-09-01,Godzilla vs. Kong,2021,https://boxd.it/e0qK
2023-09-01,Classic Albums: Paul Simon - Graceland,1997,https://boxd.it/384U
2023-09-09,Inland Empire,2006,https://boxd.it/28d6
2023-09-25,One More Time with Feeling,2016,https://boxd.it/edaK
2023-09-25,Love Infinity - When The Sun Goes Down,2022,https://boxd.it/AfHg
2023-09-27,The Cowboy and the Frenchman,1988,https://boxd.it/3hG4
2023-09-30,The Mad Fox,1962,https://boxd.it/7LHa
2023-10-03,Luz: The Flower of Evil,2019,https://boxd.it/ntvi
2023-10-03,The Swan,2023,https://boxd.it/Is80
2023-10-03,The Rat Catcher,2023,https://boxd.it/Is8a
2023-10-03,Poison,2023,https://boxd.it/Is7Q
2023-10-06,The Wonderful Story of Henry Sugar,2023,https://boxd.it/yNyo
2023-10-08,The Squid and the Whale,2005,https://boxd.it/1VAG
2023-10-21,Killers of the Flower Moon,2023,https://boxd.it/gHp0
2023-10-21,Pretend It's a City,2021,https://boxd.it/tlWs
2023-10-21,Hugo,2011,https://boxd.it/R08
2023-10-22,The Creator,2023,https://boxd.it/oXWq
2023-10-23,Häxan,1922,https://boxd.it/n4O
2023-10-25,A Haunting in Venice,2023,https://boxd.it/zGdg
2023-10-29,Bob Dylan: 1978-1989 - Both Ends of the Rainbow,2008,https://boxd.it/ka3e
2023-11-07,Capote,2005,https://boxd.it/2atq
2023-11-08,The Royal Hotel,2023,https://boxd.it/zEvs
2023-11-13,All Quiet on the Western Front,2022,https://boxd.it/H08
2023-11-20,Mami Wata,2023,https://boxd.it/CkcQ
2023-11-21,American Psycho,2000,https://boxd.it/28Vs
2023-11-23,Benedetta,2021,https://boxd.it/gdNQ
2023-11-24,Napoleon,2023,https://boxd.it/shJM
2023-12-01,Parallel Mothers,2021,https://boxd.it/sOP4
2023-12-07,Eileen,2023,https://boxd.it/oJcS
2023-12-14,Wonka,2023,https://boxd.it/tCQm
2023-12-16,Saltburn,2023,https://boxd.it/z4eg
